Goal x, Goal y, Goal z, Planner
17.0212, -0.00713399, 0.999995, racer
17.501, -0.135372, 0.999986, racer
17.4855, -0.131403, 0.999988, racer
