start-time,duration,end-time,type-of-collision
1183.515,0.20999999999999999,1183.725,Agent-Human
1203.745,0.56000000000000005,1204.305,Agent-Human
