start-time,duration,end-time,type-of-collision
265.668,0.070000000000000007,265.738,Agent-Agent
265.875,0.94899999999999995,266.824,Agent-Agent
