start-time,duration,end-time,type-of-collision
367.405,1.0009999999999999,368.406,Agent-Human
405.713,0.14599999999999999,405.859,Agent-Human
