Time, Coverage (m3), Coverage (%), Free space, Occupied Space, Unmapped Space
7.87, 469.296, 2.08576, 395.064, 74.232, 22030.7
133.87, 885.072, 3.93365, 766.704, 118.368, 21614.9
275.87, 1029.89, 4.57728, 906.952, 122.936, 21470.1
421.87, 1126.84, 5.00818, 995.672, 131.168, 21373.2
564.87, 1164.58, 5.17589, 1026.46, 138.112, 21335.4
712.87, 1164.58, 5.17589, 1026.46, 138.112, 21335.4
