start-time,duration,end-time,type-of-collision
218.234,0.068000000000000005,218.302,Agent-Agent
218.504,0.40899999999999997,218.913,Agent-Agent
