start-time,duration,end-time,type-of-collision
290.687,0.27200000000000002,290.959,Agent-Agent
312.296,1.1160000000000001,313.412,Agent-Agent
322.488,0.27500000000000002,322.763,Agent-Agent
