start-time,duration,end-time,type-of-collision
660.32,0.27900000000000003,660.599,Agent-Human
663.202,0.41699999999999998,663.619,Agent-Human
