Goal x, Goal y, Goal z, Planner
0.69551, 4.86617, 1, racer
0.984512, 5.05982, 1.00062, racer
1.02903, 5.04551, 1.00023, racer
1.0044, 4.95427, 1.05546, racer
0.896525, 4.45281, 1.12439, racer
0.898192, 3.97601, 1.19661, racer
1.49567, 4.528, 1.42977, racer
2.00355, 5.55635, 1.53024, racer
2.34835, 5.72006, 1.3842, racer
2.85802, 4.8489, 1.32206, racer
3.23457, 3.43058, 1.40413, racer
3.36679, 2.64632, 1.71698, racer
3.03703, 1.84303, 1.82536, racer
2.92718, 1.05187, 1.48928, racer
