start-time,duration,end-time,type-of-collision
593.4,0.28599999999999998,593.686,Agent-Human
599.111,0.56100000000000005,599.672,Agent-Human
