start-time,duration,end-time,type-of-collision
67.895,0.20300000000000001,68.098,Agent-Agent
68.575,0.13500000000000001,68.71,Agent-Agent
