Goal x, Goal y, Goal z, Planner
-3.21174, -9.8094, 1.00058, racer
-3.02522, -9.82916, 1.00072, racer
-3.00669, -9.86545, 1.00015, racer
-3.00398, -9.80566, 1.00023, racer
-3.00278, -9.76019, 1.00012, racer
