start-time,duration,end-time,type-of-collision
130.749,1.2290000000000001,131.978,Agent-Human
166.081,1.2829999999999999,167.364,Agent-Human
