start-time,duration,end-time,type-of-collision
128.525,0.56000000000000005,129.085,Agent-Human
129.155,0.14000000000000001,129.295,Agent-Human
