start-time,duration,end-time,type-of-collision
181.795,0.56000000000000005,182.355,Agent-Agent
182.705,0.41999999999999998,183.125,Agent-Agent
184.605,0.41999999999999998,185.025,Agent-Agent
