start-time,duration,end-time,type-of-collision
169.191,0.13900000000000001,169.33,Agent-Agent
223.406,0.47999999999999998,223.886,Agent-Agent
