start-time,duration,end-time,type-of-collision
395.83,0.35499999999999998,396.185,Agent-Human
402.275,0.20999999999999999,402.485,Agent-Human
