Iteration, Path length, Time, Planning, Flying
1, 0.145378, 0.987, 0.666, 0.303
2, 0.541355, 1.991, 0.777, 1.19
3, 0.732183, 2.987, 1.017, 1.951
4, 0.902015, 3.988, 1.219, 2.757
5, 1.00936, 4.991, 1.501, 3.469
6, 1.10665, 5.99, 1.958, 4.014
7, 2.02831, 6.986, 2.079, 4.892
8, 2.89539, 7.988, 2.214, 5.755
9, 3.63265, 8.993, 2.408, 6.567
10, 4.77944, 9.986, 2.569, 7.402
