Iteration, Path length, Time, Planning, Flying
1, 0.226912, 0.999, 0.269, 0.719
2, 0.662147, 1.998, 0.288, 1.7
3, 1.00929, 3, 0.326, 2.662
4, 1.07798, 4, 0.921, 3.068
5, 1.11663, 4.998, 1.683, 3.306
6, 1.34337, 5.999, 1.78, 4.207
7, 1.97791, 7, 1.824, 5.166
8, 3.03463, 7.998, 1.886, 6.102
9, 3.71385, 8.998, 1.925, 7.064
10, 4.7117, 9.999, 1.925, 8.064
11, 5.4388, 10.998, 2.004, 8.983
12, 6.51066, 11.998, 2.025, 9.962
