Goal x, Goal y, Goal z, Planner
-3.4726, -9.58205, 1.0467, racer
-3.21208, -9.36922, 1.06219, racer
-3.04197, -9.6295, 0.997627, racer
-3.01426, -9.69176, 0.99974, racer
-3.0134, -9.69366, 1.01348, racer
-2.95691, -9.71066, 1.23018, racer
-2.57903, -9.72338, 1.72038, racer
-1.56249, -9.92306, 1.75493, racer
-0.901142, -10.0253, 1.7073, racer
-0.0299557, -10.1183, 1.27688, racer
0.567138, -9.93187, 1.10405, racer
1.20448, -9.3143, 1.68735, racer
