start-time,duration,end-time,type-of-collision
800.847,0.13400000000000001,800.981,Agent-Human
862.777,0.27800000000000002,863.055,Agent-Human
879.897,0.27300000000000002,880.17,Agent-Human
