Iteration, Path length, Time, Planning, Flying
1, 0.239792, 0.926, 0.257, 0.658
2, 0.723117, 1.926, 0.319, 1.596
3, 1.15739, 2.925, 0.518, 2.397
