Goal x, Goal y, Goal z, Planner
0.839208, 4.81034, 1.00672, racer
1.29324, 4.94706, 1.03497, racer
1.61257, 5.16803, 1.05048, racer
