start-time,duration,end-time,type-of-collision
140.399,0.40799999999999997,140.807,Agent-Human
376.801,0.56100000000000005,377.362,Agent-Human
377.092,0.48099999999999998,377.573,Agent-Human
