start-time,duration,end-time,type-of-collision
32.797,0.40600000000000003,33.203,Agent-Human
33.749,0.81399999999999995,34.563,Agent-Human
