Iteration, Path length, Time, Planning, Flying
1, 0.0224029, 0.691, 0.531, 0.139
2, 0.519055, 1.684, 0.646, 1.017
3, 0.535033, 2.69, 1.652, 1.017
