start-time,duration,end-time,type-of-collision
410.619,0.47799999999999998,411.097,Agent-Human
528.789,0.20599999999999999,528.995,Agent-Human
842.217,1.173,843.39,Agent-Human
