Iteration, Path length, Time, Planning, Flying
1, 0.0121218, 0.854, 0.801, 0.05
2, 0.0817549, 1.856, 1.243, 0.603
3, 0.39705, 2.857, 1.412, 1.437
4, 0.636754, 3.854, 1.53, 2.319
5, 0.812622, 4.861, 1.76, 3.085
