Goal x, Goal y, Goal z, Planner
-3.0077, -5.29869, 1.00053, racer
-3.00855, -5.24118, 1.00346, racer
-2.86835, -5.46591, 1.00228, racer
-2.77994, -5.57644, 0.998285, racer
-2.60851, -5.53766, 0.999665, racer
