Time, Coverage (m3), Coverage (%), Free space, Occupied Space, Unmapped Space
8.84, 527.016, 2.34229, 450.776, 76.24, 21973
134.84, 1217.12, 5.40942, 1080.08, 137.04, 21282.9
249.84, 1440.94, 6.40416, 1250.86, 190.072, 21059.1
319.85, 1440.94, 6.40416, 1250.72, 190.216, 21059.1
389.85, 1440.94, 6.40416, 1250.72, 190.216, 21059.1
450.53, 1440.94, 6.40416, 1250.72, 190.216, 21059.1
526.32, 1440.94, 6.40416, 1250.72, 190.216, 21059.1
589.53, 1440.94, 6.40416, 1250.72, 190.216, 21059.1
