Goal x, Goal y, Goal z, Planner
-16.8125, 0.00119414, 1, racer
-16.4943, -0.00588488, 1, racer
-16.4989, -0.00572957, 1, racer
-16.5073, 0.0575326, 1, racer
-16.5105, 0.0751642, 1, racer
-16.5012, -0.023089, 1, racer
-16.5003, -0.0410841, 1, racer
-16.5011, -0.0261998, 1, racer
