Iteration, Path length, Time, Planning, Flying
1, 0.10633, 0.718, 0.331, 0.381
2, 0.491707, 1.72, 0.429, 1.279
3, 0.892252, 2.721, 0.561, 2.148
4, 1.29053, 3.722, 0.706, 3.006
5, 1.38297, 4.724, 0.955, 3.757
