Goal x, Goal y, Goal z, Planner
-3.4876, -9.70207, 1.02635, racer
-3.27787, -9.43967, 1.11324, racer
-3.10738, -9.66197, 0.977495, racer
-3.09659, -9.92387, 1.00104, racer
-3.0342, -9.87223, 1.00133, racer
