Iteration, Path length, Time, Planning, Flying
1, 0.190907, 0.987, 0.338, 0.639
2, 0.50978, 1.986, 0.521, 1.458
3, 0.514425, 2.987, 1.52, 1.458
4, 0.579288, 3.987, 1.96, 2.017
5, 0.68696, 4.986, 2.067, 2.913
6, 0.806468, 5.986, 2.32, 3.661
7, 0.827467, 6.988, 3.29, 3.695
8, 0.854803, 7.989, 4.071, 3.905
