start-time,duration,end-time,type-of-collision
1451.72,0.070000000000000007,1451.79,Agent-Agent
1452.21,0.28000000000000003,1452.49,Agent-Agent
