start-time,duration,end-time,type-of-collision
537.047,0.072999999999999995,537.12,Agent-Human
542.465,0.71099999999999997,543.176,Agent-Human
