Goal x, Goal y, Goal z, Planner
-3, -5.3, 1, racer
-2.85037, -5.1721, 0.999823, racer
-2.69345, -4.7064, 0.997469, racer
-2.58308, -4.55253, 1.05208, racer
-2.58843, -4.96314, 1.01241, racer
-2.82226, -5.50444, 1.05609, racer
-2.83264, -5.42982, 1.10561, racer
-3.06747, -5.72333, 1.40474, racer
-2.95461, -6.75758, 1.54073, racer
-2.76451, -7.69729, 1.35278, racer
-3.28956, -8.41602, 1.47265, racer
