Iteration, Path length, Time, Planning, Flying
1, 0.206299, 0.967, 0.351, 0.6
2, 0.664594, 1.965, 0.351, 1.6
3, 1.02121, 2.964, 0.414, 2.537
4, 1.11466, 3.963, 0.813, 3.136
