Iteration, Path length, Time, Planning, Flying
1, 0.0321492, 0.951, 0.662, 0.281
2, 0.440805, 1.951, 0.662, 1.281
3, 0.712206, 2.952, 0.744, 2.199
4, 1.06186, 3.951, 0.744, 3.199
5, 1.4334, 4.954, 0.744, 4.199
6, 1.87449, 5.952, 0.744, 5.201
7, 3.03907, 6.952, 0.744, 6.201
8, 4.12297, 7.951, 0.744, 7.201
9, 4.65144, 8.952, 0.744, 8.2
10, 5.23729, 9.951, 0.744, 9.199
11, 6.08974, 10.955, 0.772, 10.179
12, 6.97259, 11.953, 1.011, 10.931
13, 7.59746, 12.951, 1.32, 11.631
