Goal x, Goal y, Goal z, Planner
0.423043, -8.9778, 0.999953, racer
0.703468, -8.72712, 1.08158, racer
0.825752, -8.62541, 1.03567, racer
0.74066, -8.92976, 1.16563, racer
0.867947, -9.1678, 1.00539, racer
0.978953, -9.31678, 1.38078, racer
1.76959, -9.85818, 1.96549, racer
2.65078, -10.3082, 1.6472, racer
3.03116, -10.4132, 1.45337, racer
3.26495, -9.92462, 1.54339, racer
3.48784, -9.20751, 1.25068, racer
3.49744, -8.38992, 0.951741, racer
3.23813, -7.88755, 1.06639, racer
