start-time,duration,end-time,type-of-collision
16.837,0.13700000000000001,16.974,Agent-Human
49.817,0.33800000000000002,50.155,Agent-Human
101.374,0.13400000000000001,101.508,Agent-Human
