Goal x, Goal y, Goal z, Planner
2.33371, -2.58737, 1, racer
2.74279, -2.45069, 1.04645, racer
2.90933, -2.49206, 1.02803, racer
2.79126, -2.55784, 1.03769, racer
2.7569, -2.45242, 1.0902, racer
2.77197, -2.43024, 1.03706, racer
2.75519, -2.99168, 1.20369, racer
