Time, Coverage (m3), Coverage (%), Free space, Occupied Space, Unmapped Space
2.84, 438.264, 1.94784, 390.608, 47.656, 22061.7
86.84, 1048.25, 4.65888, 897.656, 150.592, 21451.8
193.84, 1269.37, 5.64164, 1087.26, 182.112, 21230.6
299.84, 1557.95, 6.92423, 1368.45, 189.504, 20942
411.85, 1954.1, 8.68487, 1729.25, 224.848, 20545.9
523.85, 2333.54, 10.3713, 2069.69, 263.848, 20166.5
630.9, 2367.82, 10.5237, 2099.02, 268.8, 20132.2
740.9, 2367.82, 10.5237, 2099.02, 268.8, 20132.2
832.9, 2367.82, 10.5237, 2099.02, 268.8, 20132.2
