Iteration, Path length, Time, Planning, Flying
0, 1.86108, 2.84, 0.97, 0.62
1, 1.86108, 86.84, 0.97, 0.62
2, 246.999, 193.84, 27.03, 166.56
3, 374.012, 299.84, 45.73, 254.08
4, 867.671, 411.85, 94.98, 612
5, 1012.95, 523.85, 106.5, 715.98
6, 1160.41, 630.9, 163.34, 807.06
7, 1160.41, 740.9, 163.34, 807.06
8, 1160.41, 832.9, 163.34, 807.06
9, 1218.01, 927.85, 163.74, 851.22
