Iteration, Path length, Time, Planning, Flying
1, 0, 0.161, 0.146, 0
2, 0.233429, 1.162, 0.369, 0.775
3, 0.742883, 2.161, 0.444, 1.699
4, 0.991623, 3.165, 0.482, 2.678
5, 1.45164, 4.162, 0.518, 3.622
6, 2.0637, 5.164, 0.54, 4.601
7, 2.3252, 6.161, 0.595, 5.546
8, 2.87075, 7.162, 0.609, 6.533
9, 3.95355, 8.163, 0.609, 7.531
10, 4.95491, 9.162, 0.64, 8.503
11, 5.87894, 10.163, 0.662, 9.477
