start-time,duration,end-time,type-of-collision
237.54,0.070000000000000007,237.61,Agent-Human
242.035,0.14000000000000001,242.175,Agent-Human
