start-time,duration,end-time,type-of-collision
276.347,0.20100000000000001,276.548,Agent-Human
277.161,0.13400000000000001,277.295,Agent-Human
305.744,0.069000000000000006,305.813,Agent-Human
