start-time,duration,end-time,type-of-collision
151.784,0.40799999999999997,152.192,Agent-Agent
328.48,0.13600000000000001,328.616,Agent-Agent
