start-time,duration,end-time,type-of-collision
626.0,1.1200000000000001,627.12,Agent-Human
1110.835,0.97999999999999998,1111.815,Agent-Human
1135.48,0.48999999999999999,1135.97,Agent-Human
