start-time,duration,end-time,type-of-collision
158.972,0.54000000000000004,159.512,Agent-Human
215.311,1.224,216.535,Agent-Human
222.896,1.2170000000000001,224.113,Agent-Human
