start-time,duration,end-time,type-of-collision
151.603,0.13500000000000001,151.738,Agent-Agent
201.596,0.35699999999999998,201.953,Agent-Agent
