start-time,duration,end-time,type-of-collision
794.02,0.20399999999999999,794.224,Agent-Human
1079.457,0.27000000000000002,1079.727,Agent-Human
