start-time,duration,end-time,type-of-collision
756.766,0.47399999999999998,757.24,Agent-Human
772.077,0.068000000000000005,772.145,Agent-Human
