Iteration, Path length, Time, Planning, Flying
1, 0.271832, 0.932, 0.332, 0.58
2, 1.33977, 1.932, 0.332, 1.58
3, 1.74143, 2.932, 0.332, 2.58
4, 2.24505, 3.932, 0.332, 3.58
5, 3.22605, 4.932, 0.332, 4.58
6, 5.00155, 5.932, 0.332, 5.58
7, 6.78302, 6.932, 0.332, 6.58
8, 7.78539, 7.932, 0.332, 7.58
9, 8.86293, 8.932, 0.332, 8.6
10, 10.6808, 9.932, 0.332, 9.58
11, 12.8933, 10.933, 0.332, 10.6
