Goal x, Goal y, Goal z, Planner
-16.8102, -17.1848, 1.06059, racer
-16.139, -18.0029, 1.13261, racer
-15.8896, -18.2534, 1.17855, racer
-16.333, -18.081, 1.16467, racer
-16.9943, -17.4326, 1.41665, racer
-18.1121, -16.0756, 1.575, racer
-18.8986, -14.5338, 1.24871, racer
-18.7146, -13.6463, 1.00876, racer
-17.7527, -14.0038, 1.1231, racer
-16.4982, -15.2772, 1.44222, racer
-14.9358, -16.8349, 1.5328, racer
