start-time,duration,end-time,type-of-collision
124.12,0.42499999999999999,124.545,Agent-Human
342.122,0.36199999999999999,342.484,Agent-Human
