start-time,duration,end-time,type-of-collision
17.541,0.20399999999999999,17.745,Agent-Agent
17.948,0.40600000000000003,18.354,Agent-Agent
