start-time,duration,end-time,type-of-collision
173.449,0.34200000000000003,173.791,Agent-Human
182.717,0.27300000000000002,182.99,Agent-Human
184.773,0.34499999999999997,185.118,Agent-Human
