Iteration, Path length, Time, Planning, Flying
0, 5.56331, 12.917, 5.049, 5.766
1, 9.41761, 12.917, 8.899, 10.185
2, 9.41761, 12.917, 8.899, 10.185
3, 9.41761, 15.981, 8.899, 10.185
4, 9.41761, 19.98, 8.899, 10.185
5, 22.4049, 26.931, 8.957, 27.288
6, 25.9498, 30.931, 8.957, 27.288
7, 25.9498, 31.979, 8.957, 27.288
