start-time,duration,end-time,type-of-collision
97.023,0.27400000000000002,97.297,Agent-Agent
180.386,0.27100000000000002,180.657,Agent-Agent
