start-time,duration,end-time,type-of-collision
77.579,0.13500000000000001,77.714,Agent-Human
77.851,0.13400000000000001,77.985,Agent-Human
