start-time,duration,end-time,type-of-collision
87.852,0.13600000000000001,87.988,Agent-Agent
171.09,0.47899999999999998,171.569,Agent-Agent
303.561,0.40999999999999998,303.971,Agent-Agent
