start-time,duration,end-time,type-of-collision
472.158,0.27600000000000002,472.434,Agent-Human
473.606,0.54300000000000004,474.149,Agent-Human
