Iteration, Path length, Time, Planning, Flying
1, 0, 0.081, 0.066, 0
2, 0.0171263, 1.077, 1.009, 0.058
3, 0.0657817, 2.078, 1.507, 0.559
4, 0.189973, 3.077, 1.648, 1.421
5, 0.45357, 4.078, 1.648, 2.418
6, 0.615958, 5.077, 1.669, 3.404
7, 1.09404, 6.079, 1.733, 4.333
8, 2.34538, 7.079, 1.733, 5.333
9, 3.09529, 8.079, 1.733, 6.339
10, 4.25607, 9.078, 1.747, 7.321
11, 4.76329, 10.084, 1.856, 8.217
12, 5.74809, 11.077, 1.89, 9.177
13, 6.61567, 12.08, 1.993, 10.08
14, 7.62308, 13.077, 2.061, 11.009
