Iteration, Path length, Time, Planning, Flying
0, 0.998792, 5.008, 0.774, 0.861
1, 4.33645, 12.926, 7.427, 5.758
2, 13.7026, 18.947, 11.777, 20.276
3, 16.574, 22.946, 12.078, 23.953
4, 29.9213, 22.946, 12.338, 34.233
5, 44.1532, 28.926, 12.36, 50.513
6, 58.6617, 28.926, 16.011, 72.362
7, 73.2478, 39.945, 16.171, 82.983
8, 83.8103, 39.945, 19.509, 98.645
9, 97.9392, 45.927, 21.325, 114.508
10, 109.021, 52.945, 21.657, 131.638
11, 114.283, 54.927, 25.739, 136.795
