start-time,duration,end-time,type-of-collision
643.22,0.56000000000000005,643.78,Agent-Agent
2639.58,0.070000000000000007,2639.65,Agent-Agent
