start-time,duration,end-time,type-of-collision
346.695,0.14000000000000001,346.835,Agent-Agent
347.54,0.20999999999999999,347.75,Agent-Agent
