start-time,duration,end-time,type-of-collision
110.4,1.1200000000000001,111.52,Agent-Human
123.91,0.34999999999999998,124.26,Agent-Human
591.3,0.20999999999999999,591.51,Agent-Human
