Time, Coverage (m3), Coverage (%), Free space, Occupied Space, Unmapped Space
19.88, 1005.64, 4.46951, 804.96, 200.68, 21494.4
484.89, 1883.54, 8.37131, 1558.64, 324.904, 20616.5
1005.84, 2921.58, 12.9848, 2468.71, 452.864, 19578.4
