start-time,duration,end-time,type-of-collision
240.1,0.14000000000000001,240.24,Agent-Agent
301.26,0.14000000000000001,301.4,Agent-Agent
