start-time,duration,end-time,type-of-collision
379.305,0.070000000000000007,379.375,Agent-Human
260.51,0.20999999999999999,260.72,Agent-Agent
