Iteration, Path length, Time, Planning, Flying
1, 0.0133171, 0.936, 0.859, 0.06
2, 0.23649, 1.936, 0.859, 1.061
3, 0.395299, 2.936, 1.1, 1.82
4, 0.754313, 3.936, 1.1, 2.82
5, 1.20437, 4.936, 1.115, 3.807
6, 1.4591, 5.936, 1.258, 4.662
7, 2.49971, 6.937, 1.277, 5.644
8, 2.9798, 7.936, 1.277, 6.644
9, 4.12494, 8.936, 1.296, 7.625
10, 5.12418, 9.937, 1.335, 8.586
11, 6.14757, 10.937, 1.397, 9.523
12, 6.99113, 11.936, 1.417, 10.504
13, 7.52826, 12.936, 1.436, 11.485
