Goal x, Goal y, Goal z, Planner
-2.99937, -5.3133, 1, racer
-2.95697, -5.52523, 0.999944, racer
-2.92704, -5.60182, 0.994807, racer
-2.74291, -5.32797, 1.01871, racer
-2.88729, -4.98003, 1.11721, racer
-3.00739, -5.0337, 1.27101, racer
-3.85074, -4.95777, 1.84136, racer
-4.09626, -4.96161, 1.91685, racer
-3.79006, -6.03363, 2.13521, racer
-3.86891, -6.98741, 2.32109, racer
-4.08591, -7.81524, 1.76492, racer
-4.22985, -8.5907, 1.48042, racer
-4.01701, -8.29005, 1.18574, racer
