start-time,duration,end-time,type-of-collision
32.25,0.35699999999999998,32.607,Agent-Human
153.594,0.52000000000000002,154.114,Agent-Human
539.675,0.159,539.834,Agent-Human
