start-time,duration,end-time,type-of-collision
169.267,0.27000000000000002,169.537,Agent-Human
170.143,0.067000000000000004,170.21,Agent-Human
