start-time,duration,end-time,type-of-collision
701.37,0.48999999999999999,701.86,Agent-Agent
809.45,0.20999999999999999,809.66,Agent-Agent
