Iteration, Path length, Time, Planning, Flying
1, 0.0360044, 0.964, 0.673, 0.272
2, 0.476923, 1.966, 0.776, 1.171
3, 0.769863, 2.964, 1.131, 1.819
4, 0.944885, 3.964, 1.438, 2.509
5, 1.09866, 4.967, 1.645, 3.301
6, 1.19958, 5.967, 1.859, 4.088
7, 1.78899, 6.966, 2.022, 4.932
