start-time,duration,end-time,type-of-collision
874.47,0.97999999999999998,875.45,Agent-Human
1148.45,1.1899999999999999,1149.64,Agent-Human
