start-time,duration,end-time,type-of-collision
123.792,1.1559999999999999,124.948,Agent-Human
448.877,0.70799999999999996,449.585,Agent-Human
455.216,0.28799999999999998,455.504,Agent-Human
