Iteration, Path length, Time, Planning, Flying
1, 0.232932, 0.962, 0.358, 0.598
2, 0.508012, 1.97, 0.607, 1.336
3, 0.827935, 2.967, 0.756, 2.182
4, 1.34734, 3.968, 0.907, 3.05
5, 1.61003, 4.962, 1.035, 3.907
6, 1.92401, 5.958, 1.291, 4.653
7, 2.91731, 6.964, 1.385, 5.571
8, 3.63178, 7.959, 1.566, 6.374
9, 3.79771, 8.968, 2.02, 6.927
10, 4.4368, 9.958, 2.263, 7.675
11, 4.86981, 10.969, 2.393, 8.549
12, 5.51065, 11.962, 2.617, 9.339
