Goal x, Goal y, Goal z, Planner
0.808069, 4.72365, 1.01741, racer
0.982459, 4.52721, 1.01653, racer
1.00336, 4.78247, 1.04468, racer
0.882132, 5.27979, 1.05089, racer
0.994897, 5.12816, 1.05836, racer
0.867668, 5.25332, 1.11766, racer
0.131789, 5.8608, 1.18641, racer
0.0359085, 6.42757, 0.800009, racer
0.0317693, 6.28141, 0.877881, racer
0.00178262, 5.84064, 1.32483, racer
-0.268519, 5.85466, 1.29106, racer
-0.272466, 5.99899, 0.932775, racer
