start-time,duration,end-time,type-of-collision
1367.56,0.080000000000000002,1367.64,Agent-Human
1367.56,0.080000000000000002,1367.64,Agent-Human
