Iteration, Path length, Time, Planning, Flying
1, 0.0613182, 0.945, 0.49, 0.441
2, 0.421491, 1.945, 0.49, 1.442
3, 0.816247, 2.945, 0.49, 2.441
4, 1.19696, 3.945, 0.508, 3.423
5, 1.51138, 4.945, 0.527, 4.406
6, 1.96554, 5.945, 0.546, 5.384
7, 3.12097, 6.946, 0.546, 6.386
8, 4.04953, 7.945, 0.546, 7.385
9, 5.11029, 8.945, 0.546, 8.385
