Goal x, Goal y, Goal z, Planner
0.433702, -9.03521, 1.03575, racer
0.721824, -9.23737, 1.01426, racer
0.848678, -9.02029, 1.00839, racer
0.823481, -8.66149, 1.06893, racer
0.868852, -8.93107, 1.12168, racer
0.59603, -8.80149, 1.12819, racer
-0.313909, -8.29701, 1.5115, racer
-0.792759, -8.80341, 2.00301, racer
-0.900053, -9.80104, 1.79358, racer
