start-time,duration,end-time,type-of-collision
46.993,0.13600000000000001,47.129,Agent-Human
47.129,0.068000000000000005,47.197,Agent-Human
