start-time,duration,end-time,type-of-collision
748.42,0.20999999999999999,748.63,Agent-Agent
869.34,0.14000000000000001,869.48,Agent-Agent
869.55,1.26,870.81,Agent-Agent
