start-time,duration,end-time,type-of-collision
211.25,0.35499999999999998,211.605,Agent-Human
224.205,0.070000000000000007,224.275,Agent-Human
419.515,1.125,420.64,Agent-Human
