start-time,duration,end-time,type-of-collision
469.805,0.23999999999999999,470.045,Agent-Human
506.155,1.21,507.365,Agent-Human
518.45,0.23000000000000001,518.68,Agent-Human
