start-time,duration,end-time,type-of-collision
75.474,0.34100000000000003,75.815,Agent-Human
77.099,0.54300000000000004,77.642,Agent-Human
