Iteration, Path length, Time, Planning, Flying
1, 0.00816466, 0.491, 0.425, 0.06
2, 0.402722, 1.49, 0.425, 1.06
3, 0.534092, 2.491, 1.285, 1.2
