Goal x, Goal y, Goal z, Planner
0.00713328, 17.0038, 1, racer
0.379574, 17.1341, 1.00001, racer
0.474842, 17.1685, 0.999997, racer
