Iteration, Path length, Time, Planning, Flying
1, 0, 0.014, 0, 0
2, 0.278263, 1.017, 0.308, 0.699
3, 0.639658, 2.018, 0.428, 1.578
4, 0.893404, 3.014, 0.572, 2.435
5, 1.36864, 4.013, 0.707, 3.3
6, 1.60391, 5.015, 0.783, 4.227
7, 1.9141, 6.014, 0.837, 5.173
8, 2.64229, 7.017, 0.858, 6.149
9, 3.72887, 8.015, 0.954, 7.056
10, 4.50369, 9.015, 1.01, 7.995
11, 5.10441, 10.013, 1.056, 8.952
