start-time,duration,end-time,type-of-collision
926.78,0.97999999999999998,927.76,Agent-Agent
971.09,0.28000000000000003,971.37,Agent-Agent
