start-time,duration,end-time,type-of-collision
655.335,0.070000000000000007,655.405,Agent-Human
920.95,0.34999999999999998,921.3,Agent-Human
