Iteration, Path length, Time, Planning, Flying
1, 0.288708, 0.996, 0.239, 0.739
2, 0.482723, 1.996, 0.526, 1.457
3, 0.523481, 2.997, 1.175, 1.803
4, 0.59026, 3.997, 1.643, 2.346
5, 0.635744, 4.997, 2.234, 2.745
