start-time,duration,end-time,type-of-collision
376.706,0.27100000000000002,376.977,Agent-Human
598.471,0.34300000000000003,598.814,Agent-Human
