start-time,duration,end-time,type-of-collision
267.235,0.13700000000000001,267.372,Agent-Human
552.344,0.27100000000000002,552.615,Agent-Human
