Iteration, Path length, Time, Planning, Flying
1, 0.0460984, 0.935, 0.544, 0.383
2, 0.464117, 1.934, 0.569, 1.356
3, 0.534152, 2.933, 1.029, 1.895
4, 0.625606, 3.935, 1.431, 2.5
5, 0.922858, 4.937, 1.431, 3.497
6, 1.14062, 5.938, 1.544, 4.382
7, 1.8053, 6.937, 1.642, 5.281
8, 2.88961, 7.936, 1.743, 6.184
9, 3.65193, 8.939, 1.892, 7.04
10, 4.46618, 9.936, 2.046, 7.879
