Goal x, Goal y, Goal z, Planner
0.415265, -8.95681, 1.00075, racer
0.742268, -8.70499, 1.00145, racer
0.747026, -8.64719, 0.999996, racer
0.75509, -8.69569, 1.05729, racer
0.852951, -8.91531, 1.10576, racer
0.843944, -9.03505, 1.06657, racer
0.350957, -9.3297, 1.39423, racer
-0.543258, -9.86008, 1.58852, racer
-1.22962, -9.96122, 1.78078, racer
-1.9165, -10.0629, 2.08556, racer
