Iteration, Path length, Time, Planning, Flying
0, 3.9982, 7.9, 0.505, 5.24
1, 3.9982, 23.415, 0.505, 5.24
2, 4.16769, 56.93, 3.675, 5.74
3, 4.16769, 89.9, 3.675, 5.74
4, 8.72744, 114.92, 4.295, 11.22
5, 8.72744, 143.92, 4.295, 11.22
6, 8.72744, 175.9, 4.295, 11.22
7, 8.72744, 199.93, 4.295, 11.22
8, 8.72744, 229.92, 4.295, 11.22
9, 8.72744, 256.93, 4.295, 11.22
10, 8.72744, 286.92, 4.295, 11.22
11, 8.72744, 313.93, 4.295, 11.22
12, 8.72744, 345.92, 4.295, 11.22
