Iteration, Path length, Time, Planning, Flying
1, 0.0553011, 0.472, 0.278, 0.178
2, 0.318793, 1.471, 0.278, 1.176
3, 0.486617, 2.471, 0.321, 2.136
4, 0.834114, 3.475, 0.34, 3.116
5, 1.17017, 4.472, 0.34, 4.117
