Goal x, Goal y, Goal z, Planner
-2.97013, -5.29915, 0.956322, racer
-2.73334, -5.27169, 0.891169, racer
-2.65732, -5.2842, 0.929027, racer
-2.81573, -5.49716, 1.01884, racer
-2.92602, -5.4636, 1.13069, racer
