start-time,duration,end-time,type-of-collision
301.44,0.42999999999999999,301.87,Agent-Human
939.71,0.20999999999999999,939.92,Agent-Human
