start-time,duration,end-time,type-of-collision
62.34,0.20699999999999999,62.547,Agent-Human
275.26,0.34399999999999997,275.604,Agent-Human
310.374,0.070999999999999994,310.445,Agent-Human
