Iteration, Path length, Time, Planning, Flying
1, 0, 0.003, 0, 0
2, 0.108992, 1.005, 0.403, 0.582
3, 0.526816, 2.002, 0.446, 1.539
4, 0.974161, 3.003, 0.486, 2.497
5, 1.34273, 4.003, 0.644, 3.339
6, 1.40746, 5.003, 1.219, 3.768
7, 2.07735, 6.002, 1.236, 4.748
8, 3.15531, 7.002, 1.255, 5.728
9, 4.25412, 8.003, 1.255, 6.736
10, 5.36839, 9.002, 1.255, 7.729
11, 6.18393, 10.002, 1.295, 8.694
