Goal x, Goal y, Goal z, Planner
0, 0, 0, racer
-3.47863, -9.78114, 1.10436, racer
-3.21443, -9.56866, 1.26622, racer
-3.13392, -9.84556, 1.10565, racer
-3.20713, -10.1602, 1.04562, racer
-3.18977, -10.1518, 1.02077, racer
-3.38006, -9.56551, 1.24793, racer
-4.04122, -8.74999, 1.27566, racer
-4.02768, -7.77663, 0.865955, racer
-3.82026, -6.88134, 1.39438, racer
-4.1939, -6.50134, 1.92949, racer
