start-time,duration,end-time,type-of-collision
99.095,0.20300000000000001,99.298,Agent-Human
99.368,3.1720000000000002,102.54,Agent-Human
