Goal x, Goal y, Goal z, Planner
0, 0, 0, racer
0.677477, -9.00366, 0.989371, racer
0.902101, -8.83683, 0.992009, racer
0.920308, -8.86586, 0.994363, racer
0.998553, -9.30688, 1.02552, racer
0.878656, -9.41407, 1.14537, racer
0.721508, -9.34815, 0.978061, racer
0.109812, -9.59778, 1.26762, racer
-0.818338, -9.91931, 1.62161, racer
-1.35, -9.95183, 2.13962, racer
-1.80211, -9.84166, 2.46183, racer
