start-time,duration,end-time,type-of-collision
11.531,0.27800000000000002,11.809,Agent-Agent
11.877,0.20899999999999999,12.086,Agent-Agent
156.887,0.75900000000000001,157.646,Agent-Agent
