start-time,duration,end-time,type-of-collision
169.209,0.27300000000000002,169.482,Agent-Human
388.124,0.68500000000000005,388.809,Agent-Human
496.261,0.35599999999999998,496.617,Agent-Human
