start-time,duration,end-time,type-of-collision
151.188,0.27100000000000002,151.459,Agent-Human
151.663,0.47499999999999998,152.138,Agent-Human
