start-time,duration,end-time,type-of-collision
111.104,0.20799999999999999,111.312,Agent-Agent
862.627,2.0910000000000002,864.718,Agent-Agent
