start-time,duration,end-time,type-of-collision
128.73,0.56000000000000005,129.29,Agent-Human
224.509,0.075999999999999998,224.585,Agent-Human
560.268,1.054,561.322,Agent-Human
