start-time,duration,end-time,type-of-collision
34.039,0.13500000000000001,34.174,Agent-Human
46.949,0.13700000000000001,47.086,Agent-Human
