start-time,duration,end-time,type-of-collision
362.025,1.2649999999999999,363.29,Agent-Human
537.71,0.93000000000000005,538.64,Agent-Agent
539.065,0.63500000000000001,539.7,Agent-Agent
