start-time,duration,end-time,type-of-collision
182.59,0.69999999999999996,183.29,Agent-Human
655.42,1.8200000000000001,657.24,Agent-Human
705.125,0.20999999999999999,705.335,Agent-Human
