start-time,duration,end-time,type-of-collision
295.1,0.41999999999999998,295.52,Agent-Human
320.725,0.41999999999999998,321.145,Agent-Human
329.765,1.125,330.89,Agent-Human
