start-time,duration,end-time,type-of-collision
259.336,0.81100000000000005,260.147,Agent-Human
616.658,0.33800000000000002,616.996,Agent-Human
