Iteration, Path length, Time, Planning, Flying
1, 0.253246, 0.954, 0.298, 0.642
2, 0.75588, 1.956, 0.318, 1.623
3, 1.04083, 2.957, 0.416, 2.528
4, 1.43643, 3.954, 0.522, 3.418
5, 1.76529, 4.958, 0.648, 4.294
