start-time,duration,end-time,type-of-collision
529.432,0.40899999999999997,529.841,Agent-Human
103.207,0.20899999999999999,103.416,Agent-Agent
