Goal x, Goal y, Goal z, Planner
-0.572242, 9.55253, 0.999778, racer
-0.24079, 9.45214, 0.997853, racer
-0.252464, 9.326, 0.99983, racer
-0.281829, 9.45783, 1.01408, racer
-0.226198, 9.54737, 1.00502, racer
-0.19166, 9.61385, 1.04903, racer
0.286737, 9.93475, 1.74198, racer
0.911461, 9.70132, 2.23532, racer
1.11597, 9.01237, 2.27777, racer
1.26063, 8.6769, 2.0998, racer
