Time, Coverage (m3), Coverage (%), Free space, Occupied Space, Unmapped Space
4.35, 576.368, 2.56164, 516.768, 59.6, 21923.6
135.92, 775.128, 3.44501, 691.88, 83.248, 21724.9
279.35, 775.128, 3.44501, 691.88, 83.248, 21724.9
424.35, 775.128, 3.44501, 691.88, 83.248, 21724.9
