start-time,duration,end-time,type-of-collision
212.415,0.20999999999999999,212.625,Agent-Human
296.865,0.39000000000000001,297.255,Agent-Human
