start-time,duration,end-time,type-of-collision
12.418,0.20499999999999999,12.623,Agent-Agent
12.826,0.40300000000000002,13.229,Agent-Agent
