start-time,duration,end-time,type-of-collision
988.695,1.228,989.923,Agent-Human
990.197,1.0169999999999999,991.214,Agent-Human
991.693,0.95199999999999996,992.645,Agent-Human
