start-time,duration,end-time,type-of-collision
346.78,0.20399999999999999,346.984,Agent-Human
348.884,0.13800000000000001,349.022,Agent-Human
626.759,0.33900000000000002,627.098,Agent-Human
