start-time,duration,end-time,type-of-collision
58.292,1.2110000000000001,59.503,Agent-Human
64.974,1.0129999999999999,65.987,Agent-Human
