start-time,duration,end-time,type-of-collision
647.96,0.56000000000000005,648.52,Agent-Agent
817.01,0.20999999999999999,817.22,Agent-Agent
