Goal x, Goal y, Goal z, Planner
0.181288, -0.113661, 0.99981, racer
0.598333, -0.013447, 0.99591, racer
1.10388, 0.193422, 1.03139, racer
1.33894, 0.183823, 1.06365, racer
0.652968, 0.0442792, 1.01129, racer
0.0975765, -0.0322318, 1.03096, racer
0.323009, -0.124734, 0.99907, racer
0.47408, -0.303992, 1.01443, racer
0.294049, -0.0690558, 1.24106, racer
-0.243034, -0.454798, 1.54986, racer
-0.153163, -1.52951, 1.20478, racer
