start-time,duration,end-time,type-of-collision
131.48,0.28000000000000003,131.76,Agent-Human
133.59,0.56000000000000005,134.15,Agent-Human
