Iteration, Path length, Time, Planning, Flying
1, 0.104919, 0.593, 0.325, 0.246
2, 0.464772, 1.595, 0.429, 1.16
3, 0.750755, 2.602, 0.662, 1.93
4, 0.969979, 3.596, 0.884, 2.684
5, 1.16978, 4.6, 1.016, 3.555
6, 1.4158, 5.594, 1.145, 4.428
7, 1.75512, 6.593, 1.336, 5.252
