Goal x, Goal y, Goal z, Planner
-3.16672, 5.11416, 1.20211, racer
-2.93703, 5.09204, 0.939966, racer
-2.72631, 4.93618, 0.873867, racer
-2.58335, 4.79096, 0.872744, racer
-2.49418, 4.7581, 1.01054, racer
-2.65597, 4.76846, 1.0225, racer
-2.74109, 4.97994, 1.2589, racer
