Goal x, Goal y, Goal z, Planner
0.237827, 0.950857, 1.00472, racer
0.735093, 0.970905, 1.02135, racer
0.658442, 1.14886, 1.05797, racer
0.416344, 0.905532, 0.964984, racer
0.297947, 1.1797, 0.991353, racer
