Iteration, Path length, Time, Planning, Flying
1, 0.226119, 0.999, 0.32, 0.665
2, 0.660168, 1.993, 0.396, 1.587
3, 1.21111, 2.993, 0.473, 2.51
4, 1.57415, 3.998, 0.63, 3.355
5, 2.2804, 4.992, 0.683, 4.303
6, 2.84463, 5.992, 0.705, 5.277
7, 3.223, 6.992, 0.757, 6.227
8, 3.5925, 7.994, 0.798, 7.19
9, 3.98782, 8.995, 0.875, 8.109
10, 4.77488, 9.995, 0.973, 9.017
11, 5.96077, 10.996, 1.034, 9.95
