Iteration, Path length, Time, Planning, Flying
1, 0.0304657, 0.92, 0.649, 0.259
2, 0.543188, 1.919, 0.649, 1.261
3, 1.10757, 2.921, 0.676, 2.238
4, 1.47839, 3.919, 0.676, 3.234
5, 2.09197, 4.924, 0.692, 4.218
6, 2.55069, 5.92, 0.716, 5.192
7, 3.32275, 6.919, 0.737, 6.171
