Goal x, Goal y, Goal z, Planner
-3.38215, 2.07534, 1.00009, racer
-2.88181, 2.02296, 1.01432, racer
-2.38756, 1.75883, 1.03996, racer
-2.65005, 1.70729, 1.01624, racer
-2.72552, 2.28688, 1.08551, racer
-2.93078, 2.49724, 1.32246, racer
-3.07175, 1.79955, 1.10164, racer
