Time, Coverage (m3), Coverage (%), Free space, Occupied Space, Unmapped Space
2.92, 374.68, 1.66524, 300.4, 74.28, 22125.3
88.94, 596.024, 2.649, 483.584, 112.44, 21904
193.85, 658.592, 2.92708, 529.272, 129.32, 21841.4
297.85, 658.592, 2.92708, 529.272, 129.32, 21841.4
402.88, 658.592, 2.92708, 529.272, 129.32, 21841.4
