Iteration, Path length, Time, Planning, Flying
1, 0.0731196, 0.558, 0.286, 0.263
2, 0.42327, 1.557, 0.367, 1.179
3, 0.876613, 2.558, 0.441, 2.104
4, 1.20366, 3.559, 0.52, 3.039
5, 1.7106, 4.56, 0.632, 3.917
6, 1.84323, 5.558, 0.85, 4.696
7, 2.29416, 6.556, 1.08, 5.468
8, 3.24594, 7.56, 1.187, 6.358
9, 3.52239, 8.557, 1.321, 7.226
10, 4.5429, 9.557, 1.459, 8.088
