Goal x, Goal y, Goal z, Planner
2.36438, -2.62512, 1.01264, racer
2.69756, -2.6151, 1.08263, racer
2.91927, -2.27713, 1.13172, racer
2.92374, -2.46051, 1.12733, racer
2.8138, -2.91942, 1.13103, racer
2.74665, -2.87826, 1.03403, racer
2.58689, -3.19029, 1.28958, racer
2.34767, -4.07753, 1.34931, racer
2.40994, -4.03093, 1.31897, racer
2.78692, -3.10707, 1.12967, racer
