start-time,duration,end-time,type-of-collision
71.476,0.13600000000000001,71.612,Agent-Agent
72.225,0.13600000000000001,72.361,Agent-Agent
