Iteration, Path length, Time, Planning, Flying
1, 0.0150448, 0.893, 0.797, 0.077
2, 0.385256, 1.894, 0.797, 1.08
3, 0.886267, 2.896, 0.797, 2.077
4, 1.54049, 3.893, 0.815, 3.062
5, 1.73425, 4.894, 0.841, 4.034
