Goal x, Goal y, Goal z, Planner
-3.39176, 2.10831, 1.00944, racer
-3.12673, 2.32862, 1.11615, racer
-2.74889, 2.37856, 1.10492, racer
-2.99511, 1.81211, 1.06018, racer
-2.95983, 1.89861, 1.00289, racer
