start-time,duration,end-time,type-of-collision
150.837,0.13600000000000001,150.973,Agent-Human
742.18,0.13400000000000001,742.314,Agent-Human
742.516,0.34200000000000003,742.858,Agent-Human
