Iteration, Path length, Time, Planning, Flying
0, 5.39043, 10.959, 0.735, 9.799
1, 8.25188, 10.959, 0.978, 9.799
2, 18.9402, 16.961, 1.655, 13.577
3, 28.2208, 23.958, 1.655, 13.577
4, 44.8196, 23.958, 3.542, 34.365
5, 63.3502, 24.993, 3.615, 52.911
6, 66.5117, 29.995, 4.379, 60.651
7, 72.0941, 34.994, 4.379, 60.651
8, 77.3179, 39.994, 4.438, 73.028
9, 96.4092, 52.959, 7.177, 104.01
10, 100.985, 57.959, 7.177, 104.01
