Iteration, Path length, Time, Planning, Flying
1, 0.229135, 0.935, 0.238, 0.68
2, 0.632162, 1.935, 0.238, 1.681
3, 0.755293, 2.935, 0.339, 2.58
4, 0.838644, 3.935, 0.529, 3.392
5, 0.908331, 4.935, 0.851, 4.067
6, 1.06459, 5.935, 1.251, 4.668
7, 1.8075, 6.935, 1.251, 5.667
8, 2.81652, 7.935, 1.251, 6.667
9, 3.68925, 8.936, 1.292, 7.626
10, 4.62875, 9.935, 1.351, 8.567
