Goal x, Goal y, Goal z, Planner
-3.27597, -9.75859, 0.999983, racer
-2.91669, -9.63679, 1.01324, racer
-2.93815, -9.61798, 1.02676, racer
-2.99941, -9.63343, 1.00932, racer
-3.00267, -9.70274, 1.00309, racer
-2.95357, -9.75362, 1.12825, racer
-2.56064, -9.77412, 1.74799, racer
-1.59794, -9.8932, 1.79574, racer
-0.751998, -9.97165, 1.76385, racer
0.081415, -9.98108, 1.4207, racer
