start-time,duration,end-time,type-of-collision
169.705,0.13800000000000001,169.843,Agent-Human
286.918,0.47899999999999998,287.397,Agent-Human
