start-time,duration,end-time,type-of-collision
537.66,0.88200000000000001,538.542,Agent-Agent
3263.397,5.3150000000000004,3268.712,Agent-Agent
