start-time,duration,end-time,type-of-collision
284.057,0.54000000000000004,284.597,Agent-Human
312.732,0.26900000000000002,313.001,Agent-Human
317.059,0.34000000000000002,317.399,Agent-Human
