start-time,duration,end-time,type-of-collision
845.44,0.14000000000000001,845.58,Agent-Human
821.21,0.070000000000000007,821.28,Agent-Agent
