Iteration, Path length, Time, Planning, Flying
1, 0, 0, 0, 0
2, 0.037342, 1, 0.672, 0.32
3, 0.451742, 2, 0.672, 1.32
4, 0.958409, 3.001, 0.672, 2.326
5, 1.47428, 4, 0.672, 3.324
6, 1.94284, 5, 0.672, 4.321
7, 2.31091, 6.002, 0.698, 5.294
8, 2.81113, 7.003, 0.698, 6.295
9, 3.76264, 8.003, 0.698, 7.295
10, 4.87984, 9.002, 0.698, 8.295
