Goal x, Goal y, Goal z, Planner
0, 0, 0, racer
-3.37391, 2.0768, 1.01324, racer
-3.05369, 1.85904, 1.09505, racer
-2.79326, 2.12182, 1.18643, racer
-3.08907, 2.50337, 1.17264, racer
-2.97671, 2.13555, 1.05884, racer
-2.72552, 1.94972, 1.07445, racer
-2.26939, 1.86799, 1.24209, racer
-1.35866, 1.65167, 1.20456, racer
-0.544621, 2.19658, 1.49117, racer
