start-time,duration,end-time,type-of-collision
436.62,0.34999999999999998,436.97,Agent-Human
568.22,0.20999999999999999,568.43,Agent-Human
