start-time,duration,end-time,type-of-collision
156.999,0.41399999999999998,157.413,Agent-Agent
333.748,0.068000000000000005,333.816,Agent-Agent
