start-time,duration,end-time,type-of-collision
385.474,0.27400000000000002,385.748,Agent-Human
406.866,0.48299999999999998,407.349,Agent-Human
