start-time,duration,end-time,type-of-collision
1454.18,0.070000000000000007,1454.25,Agent-Agent
1454.67,0.34999999999999998,1455.02,Agent-Agent
1650.29,0.98999999999999999,1651.28,Agent-Agent
