start-time,duration,end-time,type-of-collision
198.886,0.13600000000000001,199.022,Agent-Human
357.878,0.20599999999999999,358.084,Agent-Human
