Iteration, Path length, Time, Planning, Flying
0, 2.11042, 7.905, 1.495, 4.02
1, 2.88019, 33.905, 28.535, 4.06
2, 8.69973, 63.905, 28.535, 9.88
3, 11.4324, 87.92, 29.575, 14.02
4, 11.4324, 118.92, 29.575, 14.02
5, 11.4324, 155.905, 29.575, 14.02
6, 11.4324, 179.92, 29.575, 14.02
7, 11.4324, 210.92, 29.575, 14.02
8, 17.5673, 242.955, 63.22, 22.22
9, 17.5673, 273.955, 63.22, 22.22
10, 17.5673, 302.92, 63.22, 22.22
11, 17.5673, 334.955, 63.22, 22.22
12, 17.5673, 363.92, 63.22, 22.22
