Iteration, Path length, Time, Planning, Flying
1, 0.0336643, 0.936, 0.657, 0.26
2, 0.426403, 1.936, 0.657, 1.26
3, 0.718788, 2.936, 0.657, 2.26
4, 1.27982, 3.936, 0.657, 3.259
5, 1.48331, 4.936, 0.679, 4.238
6, 2.13122, 5.936, 0.679, 5.237
7, 3.40409, 6.937, 0.679, 6.237
8, 4.46624, 7.936, 0.679, 7.24
9, 5.83315, 8.936, 0.679, 8.237
10, 6.5435, 9.936, 0.698, 9.22
