Goal x, Goal y, Goal z, Planner
-3.38125, 2.07204, 0.999998, racer
-3.16363, 1.74524, 1.00005, racer
-3.02149, 1.73342, 1.0071, racer
-3.00186, 2.27015, 1.07331, racer
-2.92831, 2.25614, 1.05246, racer
-2.31626, 2.11765, 1.03057, racer
-1.21932, 1.55234, 1.28612, racer
-0.952635, 0.564009, 1.22359, racer
-0.952257, -0.78393, 1.33675, racer
-1.0487, -1.48285, 1.40028, racer
