start-time,duration,end-time,type-of-collision
260.291,0.34599999999999997,260.637,Agent-Human
570.808,0.54600000000000004,571.354,Agent-Human
571.907,0.56200000000000006,572.469,Agent-Human
