Iteration, Path length, Time, Planning, Flying
0, 0.131177, 2.025, 0.4, 0.475
1, 0.844633, 35.905, 0.88, 2.08
2, 0.844633, 69.905, 0.88, 2.08
3, 0.844633, 102.905, 0.88, 2.08
4, 0.844633, 135.905, 0.88, 2.08
5, 15.7557, 166.94, 1.28, 15.515
6, 20.4616, 204.925, 1.735, 22.015
7, 20.4616, 233.905, 1.735, 22.015
8, 20.4616, 263.025, 1.735, 22.015
9, 20.4616, 296.94, 1.735, 22.015
10, 20.4616, 333.905, 1.735, 22.015
11, 20.4616, 366.94, 1.735, 22.015
12, 20.4616, 402.905, 1.735, 22.015
