Iteration, Path length, Time, Planning, Flying
1, 0.248563, 0.991, 0.247, 0.74
2, 0.48871, 1.991, 0.255, 1.732
3, 0.727405, 2.99, 0.255, 2.733
4, 0.824185, 3.992, 0.874, 3.112
5, 0.866746, 4.99, 1.656, 3.331
6, 1.12521, 5.991, 1.676, 4.312
7, 1.79806, 6.992, 1.676, 5.312
8, 2.59689, 7.99, 1.676, 6.311
9, 3.57641, 8.99, 1.676, 7.312
10, 4.02599, 9.991, 1.676, 8.312
