Goal x, Goal y, Goal z, Planner
0.633953, -8.99174, 0.999922, racer
0.864411, -8.9912, 1.00866, racer
0.857951, -8.8292, 1.01455, racer
0.8484, -8.80022, 1.00525, racer
0.862324, -8.81868, 1.01571, racer
0.694663, -8.90843, 1.17875, racer
0.231578, -9.33203, 1.41423, racer
-0.300706, -9.91762, 1.49836, racer
-1.21948, -9.96573, 1.75437, racer
-1.54928, -10.0276, 1.73651, racer
