start-time,duration,end-time,type-of-collision
270.811,0.27500000000000002,271.086,Agent-Human
286.559,0.68999999999999995,287.249,Agent-Human
443.718,0.69299999999999995,444.411,Agent-Human
