start-time,duration,end-time,type-of-collision
774.586,1.1679999999999999,775.754,Agent-Human
879.254,0.68799999999999994,879.942,Agent-Human
134.175,0.20100000000000001,134.376,Agent-Agent
