start-time,duration,end-time,type-of-collision
362.599,0.41299999999999998,363.012,Agent-Human
363.153,0.13800000000000001,363.291,Agent-Human
