Goal x, Goal y, Goal z, Planner
2.33706, -2.78933, 1.06816, racer
2.61222, -2.96799, 1.10389, racer
2.76603, -2.69157, 1.01955, racer
2.79435, -2.6059, 1.00768, racer
