start-time,duration,end-time,type-of-collision
1941.107,0.29299999999999998,1941.4,Agent-Agent
2078.346,0.29299999999999998,2078.639,Agent-Agent
