start-time,duration,end-time,type-of-collision
169.65,0.070000000000000007,169.72,Agent-Human
169.79,0.56000000000000005,170.35,Agent-Human
482.62,0.20999999999999999,482.83,Agent-Human
