start-time,duration,end-time,type-of-collision
370.823,0.40699999999999997,371.23,Agent-Human
374.485,0.20100000000000001,374.686,Agent-Human
375.366,0.20499999999999999,375.571,Agent-Human
