start-time,duration,end-time,type-of-collision
87.247,0.13500000000000001,87.382,Agent-Human
903.726,0.20399999999999999,903.93,Agent-Human
