start-time,duration,end-time,type-of-collision
78.998,0.13800000000000001,79.136,Agent-Human
99.187,0.61299999999999999,99.8,Agent-Agent
