start-time,duration,end-time,type-of-collision
327.614,0.13700000000000001,327.751,Agent-Human
804.875,0.27100000000000002,805.146,Agent-Human
