start-time,duration,end-time,type-of-collision
706.62,0.48999999999999999,707.11,Agent-Agent
2641.97,0.070000000000000007,2642.04,Agent-Agent
