start-time,duration,end-time,type-of-collision
128.514,0.27000000000000002,128.784,Agent-Human
178.336,0.069000000000000006,178.405,Agent-Human
