start-time,duration,end-time,type-of-collision
453.596,0.13800000000000001,453.734,Agent-Human
585.805,0.35299999999999998,586.158,Agent-Human
