start-time,duration,end-time,type-of-collision
28.583,0.21099999999999999,28.794,Agent-Human
274.89,0.073999999999999996,274.964,Agent-Human
