start-time,duration,end-time,type-of-collision
139.57,0.069000000000000006,139.639,Agent-Agent
414.39,0.20799999999999999,414.598,Agent-Agent
