start-time,duration,end-time,type-of-collision
177.075,0.54700000000000004,177.622,Agent-Human
396.326,0.070000000000000007,396.396,Agent-Human
