start-time,duration,end-time,type-of-collision
282.65,0.28000000000000003,282.93,Agent-Agent
304.375,1.0469999999999999,305.422,Agent-Agent
314.535,0.27400000000000002,314.809,Agent-Agent
