Iteration, Path length, Time, Planning, Flying
1, 0.0406315, 0.978, 0.625, 0.338
2, 0.438825, 1.98, 0.678, 1.285
3, 0.721724, 2.98, 0.678, 2.288
4, 0.918884, 3.98, 0.738, 3.228
5, 1.3813, 4.982, 0.795, 4.167
6, 1.65878, 5.978, 0.95, 5.015
7, 2.7398, 6.979, 0.967, 5.995
8, 4.06466, 7.978, 1.004, 6.958
