Goal x, Goal y, Goal z, Planner
2.33424, -2.59936, 1.02181, racer
2.72277, -2.59022, 1.01618, racer
2.97069, -2.65814, 0.99149, racer
3.0351, -2.81963, 1.05727, racer
2.78174, -2.45442, 1.06497, racer
2.68151, -2.24544, 1.07665, racer
2.33609, -1.24367, 1.23257, racer
2.4843, 0.0437539, 1.19129, racer
