Iteration, Path length, Time, Planning, Flying
1, 0.0903381, 0.953, 0.422, 0.523
2, 0.483134, 1.952, 0.422, 1.522
3, 0.80117, 2.953, 0.422, 2.521
4, 1.61035, 3.953, 0.422, 3.521
5, 2.05431, 4.953, 0.422, 4.522
6, 2.97225, 5.952, 0.422, 5.523
7, 3.58983, 6.952, 0.422, 6.521
8, 4.61672, 7.955, 0.45, 7.496
9, 5.53687, 8.952, 0.45, 8.502
10, 6.33588, 9.954, 0.493, 9.456
11, 7.57049, 10.954, 0.565, 10.383
12, 8.35938, 11.952, 0.622, 11.323
13, 9.75079, 12.955, 0.641, 12.308
