Goal x, Goal y, Goal z, Planner
0.664081, 4.73662, 0.999984, racer
0.957571, 4.47656, 0.999898, racer
1.01807, 4.67999, 1.08028, racer
0.853307, 5.41934, 1.34749, racer
0.793198, 5.59634, 1.62638, racer
1.03281, 4.7821, 1.29104, racer
1.15765, 4.39899, 1.02829, racer
1.61896, 5.02419, 1.66911, racer
1.7863, 5.8315, 2.05708, racer
2.36964, 5.51838, 1.68381, racer
3.10752, 4.60635, 1.31962, racer
3.23453, 3.96839, 1.68414, racer
3.25875, 2.83025, 2.44547, racer
