start-time,duration,end-time,type-of-collision
185.06,0.34999999999999998,185.41,Agent-Human
186.39,1.1899999999999999,187.58,Agent-Human
188.07,0.20999999999999999,188.28,Agent-Human
