start-time,duration,end-time,type-of-collision
358.157,0.748,358.905,Agent-Human
414.606,0.13400000000000001,414.74,Agent-Human
534.704,0.27100000000000002,534.975,Agent-Human
