start-time,duration,end-time,type-of-collision
347.905,0.27300000000000002,348.178,Agent-Human
1061.484,0.26900000000000002,1061.753,Agent-Human
