Iteration, Path length, Time, Planning, Flying
1, 0.306585, 0.989, 0.278, 0.691
2, 0.914105, 1.991, 0.335, 1.639
3, 1.3992, 2.991, 0.469, 2.511
4, 1.86873, 3.99, 0.501, 3.471
5, 2.18934, 4.994, 0.542, 4.431
