Goal x, Goal y, Goal z, Planner
-3.17744, 1.9026, 0.993698, racer
-2.62449, 1.95922, 1.06441, racer
-2.54064, 2.29751, 1.05949, racer
-2.99899, 2.37557, 1.00269, racer
-3.05212, 2.13847, 1.01421, racer
