Time, Coverage (m3), Coverage (%), Free space, Occupied Space, Unmapped Space
2.15, 888.136, 3.94727, 704.688, 183.448, 21611.9
448.91, 1851.2, 8.22756, 1552.66, 298.536, 20648.8
955.88, 2786.2, 12.3831, 2353.72, 432.48, 19713.8
1414.86, 3588.33, 15.9481, 3011.85, 576.48, 18911.7
