start-time,duration,end-time,type-of-collision
2.275,0.068000000000000005,2.343,Agent-Agent
158.937,0.13800000000000001,159.075,Agent-Agent
