start-time,duration,end-time,type-of-collision
186.715,0.56000000000000005,187.275,Agent-Agent
187.625,0.41999999999999998,188.045,Agent-Agent
189.515,0.41999999999999998,189.935,Agent-Agent
