Iteration, Path length, Time, Planning, Flying
0, 0.477165, 7.915, 0.51, 1.16
1, 3.66453, 31.925, 0.895, 5.08
2, 3.78711, 58.97, 2.755, 5.56
3, 3.78711, 88.97, 2.755, 5.56
4, 6.73573, 126.915, 4.655, 9.94
5, 24.9336, 150.93, 5.06, 23.9
6, 24.9336, 182.925, 5.06, 23.9
7, 24.9336, 209.97, 5.06, 23.9
8, 24.9336, 241.93, 5.06, 23.9
9, 24.9336, 273.925, 5.06, 23.9
10, 24.9336, 300.97, 5.06, 23.9
11, 26.2556, 335.925, 5.545, 27.4
12, 26.2556, 364.93, 5.545, 27.4
