start-time,duration,end-time,type-of-collision
112.029,0.95699999999999996,112.986,Agent-Human
115.846,0.751,116.597,Agent-Human
292.655,0.20499999999999999,292.86,Agent-Human
