start-time,duration,end-time,type-of-collision
230.826,0.65700000000000003,231.483,Agent-Agent
865.491,2.1240000000000001,867.615,Agent-Agent
