Iteration, Path length, Time, Planning, Flying
1, 0.0319657, 0.708, 0.511, 0.197
2, 0.403037, 1.711, 0.511, 1.194
3, 0.903378, 2.708, 0.553, 2.151
4, 1.28378, 3.707, 0.733, 2.973
5, 1.6277, 4.711, 0.754, 3.952
6, 2.17706, 5.708, 0.774, 4.934
7, 2.97918, 6.707, 0.795, 5.91
8, 3.8483, 7.708, 0.829, 6.879
