Goal x, Goal y, Goal z, Planner
2.3287, -2.58593, 1, racer
2.65399, -2.42276, 1.02952, racer
3.05669, -2.42394, 1.00149, racer
2.98792, -2.7527, 1.03809, racer
2.80927, -2.68891, 1.19563, racer
2.49449, -2.27704, 1.15601, racer
2.02882, -1.67293, 1.24642, racer
2.24954, -0.870575, 1.18169, racer
