Iteration, Path length, Time, Planning, Flying
1, 0.0901967, 0.97, 0.421, 0.54
2, 0.467991, 1.971, 0.463, 1.498
3, 0.720102, 2.97, 0.477, 2.482
