Goal x, Goal y, Goal z, Planner
17.0774, 0.045855, 0.999904, racer
17.4018, 0.237981, 0.999989, racer
17.4992, 0.0909418, 0.999972, racer
