start-time,duration,end-time,type-of-collision
318.605,0.20999999999999999,318.815,Agent-Human
571.345,0.28499999999999998,571.63,Agent-Human
