start-time,duration,end-time,type-of-collision
61.171,1.224,62.395,Agent-Human
73.563,0.27100000000000002,73.834,Agent-Human
95.627,0.53900000000000003,96.166,Agent-Human
