Iteration, Path length, Time, Planning, Flying
1, 0, 0.012, 0, 0
2, 0.194896, 1.011, 0.23, 0.761
3, 0.584378, 2.01, 0.23, 1.76
4, 0.892645, 3.01, 0.23, 2.761
5, 1.2172, 4.012, 0.288, 3.703
