Goal x, Goal y, Goal z, Planner
0, 0, 0, racer
-0.191706, -0.970659, 0.994094, racer
-0.370564, -0.728984, 1.00025, racer
-0.224371, -0.95685, 1.00533, racer
0.00544443, -1.01788, 1.00906, racer
