Iteration, Path length, Time, Planning, Flying
1, 0.249846, 0.998, 0.241, 0.739
2, 0.457962, 1.997, 0.241, 1.741
3, 0.517606, 2.999, 0.565, 2.416
4, 0.541689, 3.997, 1.483, 2.497
5, 0.557162, 4.997, 2.404, 2.578
6, 1.02374, 5.997, 2.544, 3.436
7, 2.07926, 6.998, 2.544, 4.438
8, 3.11837, 7.997, 2.544, 5.438
9, 4.0823, 8.998, 2.544, 6.437
