Goal x, Goal y, Goal z, Planner
-2.7666, -5.29504, 0.999977, racer
-2.58318, -5.37988, 0.999973, racer
-2.5304, -5.3783, 0.999989, racer
-2.51386, -5.38648, 0.999995, racer
-2.50528, -5.39936, 0.999997, racer
-2.8431, -5.12695, 1.13409, racer
-2.85977, -4.12977, 1.2613, racer
-2.07039, -3.49745, 1.20955, racer
-1.45604, -2.78299, 1.20918, racer
