start-time,duration,end-time,type-of-collision
286.17,0.64000000000000001,286.81,Agent-Human
288.21,0.20999999999999999,288.42,Agent-Human
