Time, Coverage (m3), Coverage (%), Free space, Occupied Space, Unmapped Space
14.89, 999.304, 4.44135, 827.704, 171.6, 21500.7
456.94, 1837.86, 8.16828, 1584.05, 253.816, 20662.1
985.9, 2734.41, 12.1529, 2337.7, 396.704, 19765.6
