start-time,duration,end-time,type-of-collision
356.233,0.071999999999999995,356.305,Agent-Human
423.381,0.63200000000000001,424.013,Agent-Human
