Iteration, Path length, Time, Planning, Flying
1, 0.267122, 0.97, 0.337, 0.62
2, 1.30657, 1.97, 0.337, 1.62
3, 1.58172, 2.97, 0.357, 2.6
4, 2.02832, 3.97, 0.357, 3.6
5, 2.50113, 4.97, 0.357, 4.6
6, 3.18799, 5.971, 0.357, 5.6
7, 4.57871, 6.97, 0.357, 6.6
8, 6.08349, 7.97, 0.357, 7.6
