Goal x, Goal y, Goal z, Planner
-16.8192, -17.1912, 1.04335, racer
-16.1251, -17.9606, 1.10229, racer
-15.9957, -18.0478, 1.1473, racer
-15.7797, -17.6724, 1.14129, racer
-15.8472, -17.3024, 1.12425, racer
-16.3076, -16.8967, 1.08726, racer
-16.0749, -15.5298, 1.04445, racer
-16.1787, -14.0333, 1.13158, racer
