Time, Coverage (m3), Coverage (%), Free space, Occupied Space, Unmapped Space
14.88, 1062.42, 4.72185, 814.648, 247.768, 21437.6
503.89, 2023.91, 8.99516, 1591.58, 432.328, 20476.1
996.98, 2779.47, 12.3532, 2248.36, 531.112, 19720.5
1397.6, 3218.1, 14.3026, 2625.83, 592.264, 19281.9
1844.88, 3715.43, 16.513, 3073.37, 642.064, 18784.6
2270.9, 4403.53, 19.5712, 3704.45, 699.08, 18096.5
