start-time,duration,end-time,type-of-collision
153.952,1.4350000000000001,155.387,Agent-Human
516.359,1.0960000000000001,517.455,Agent-Human
698.139,0.98499999999999999,699.124,Agent-Human
