start-time,duration,end-time,type-of-collision
727.275,0.20599999999999999,727.481,Agent-Human
1059.93,0.27300000000000002,1060.203,Agent-Human
