start-time,duration,end-time,type-of-collision
418.468,0.54000000000000004,419.008,Agent-Human
684.672,0.40500000000000003,685.077,Agent-Human
