start-time,duration,end-time,type-of-collision
121.627,0.27100000000000002,121.898,Agent-Agent
121.966,0.13800000000000001,122.104,Agent-Agent
